RPTEC_R1	RPTEC_R2	RPTEC_R3	RPTEC_R4	RPTEC_R5	RPTEC_Root1
0.361904761904762	0.37109375	0.368572455951097	0.365711510441962	0.349526726057906	0.370926243567753
0.638095238095238	0.62890625	0.631427544048903	0.634288489558038	0.650473273942094	0.629073756432247
