a	b	l1	r	marker	sample	divs	cohort
CC001_1	CC001_5	0.1144203095837089	NA	23	CC001_1	1213.1860497493956	burr_corr
T790M_710	T790M_III_1_N	0.13854277093604345	NA	30	T790M_710	1468.9538737025478	burr_corr
T790M_714A	T790M_III_1_N	0.1275056536495718	NA	30	T790M_714A	1351.9285241810169	burr_corr
T790M_714B	T790M_III_1_N	0.15111247390488655	NA	30	T790M_714B	1602.229061881773	burr_corr
T790M_715A	T790M_III_1_N	0.15919733338721376	NA	30	T790M_715A	1687.9519442426856	burr_corr
T790M_717	T790M_III_1_N	0.11113525014131534	NA	30	T790M_717	1178.354923154744	burr_corr
