a	b	l1	r	marker	sample	divs	cohort
CC001_1	CC001_5	0.058030723382753384	NA	15	CC001_1	615.2934240517583	burr_uncorr
T790M_710	T790M_III_1_N	0.06370407032294646	NA	26	T790M_710	675.4473022248919	burr_uncorr
T790M_714A	T790M_III_1_N	0.0659357682009823	NA	26	T790M_714A	699.1097511619633	burr_uncorr
T790M_714B	T790M_III_1_N	0.06029108518125621	NA	26	T790M_714B	639.2597934079248	burr_uncorr
T790M_715A	T790M_III_1_N	0.07343857715485531	NA	26	T790M_715A	778.6612153197702	burr_uncorr
T790M_717	T790M_III_1_N	0.05373406474484256	NA	26	T790M_717	569.736421636596	burr_uncorr
